rank,id,priority_score,volume_score,commercial_score,competition_score,ease_score,content_difficulty,volume_band,commercial_band,competition_band,quality_pass,category,question,primary_keyword,intent,slug,article_title,monetization_type,suggested_tool,reason
1,2905,109.4,100,100,30,70,32,very-high,very-high,low,true,Monitors,How do I connect a monitor to a laptop?,connect a monitor to a laptop,Informational,how-do-i-connect-a-monitor-to-a-laptop,How do I connect a monitor to a laptop?,Affiliate + AdSense,Monitor + GPU match advisor,strong demand signals; high monetization potential; rankable long-tail shape; top-tier opportunity; early-category seed
2,14,107.6,100,84,18,82,32,very-high,very-high,very-low,true,Smartphones,How do I remove an Apple ID from an iPhone?,remove an apple id from an iphone,Informational,how-do-i-remove-an-apple-id-from-an-iphone,How do I remove an Apple ID from an iPhone?,Affiliate + AdSense,Related Q&A cluster + checklist,strong demand signals; high monetization potential; rankable long-tail shape; top-tier opportunity; early-category seed
3,19,107.6,100,84,18,82,32,very-high,very-high,very-low,true,Smartphones,How do I scan a QR code with my phone?,scan a qr code with my phone,Informational,how-do-i-scan-a-qr-code-with-my-phone,How do I scan a QR code with my phone?,AdSense + affiliate,Related Q&A cluster + checklist,strong demand signals; high monetization potential; rankable long-tail shape; top-tier opportunity; early-category seed
4,10,98.4,100,90,30,70,32,very-high,very-high,low,true,Smartphones,How do I fix a phone that keeps restarting?,fix a phone that keeps restarting,Informational,how-do-i-fix-a-phone-that-keeps-restarting,How do I fix a phone that keeps restarting?,AdSense + tool upsell,Related Q&A cluster + checklist,strong demand signals; high monetization potential; rankable long-tail shape; top-tier opportunity; early-category seed
5,2640,94.1,100,86,30,70,32,very-high,very-high,low,true,Storage,How do I recover data from a failed drive?,recover data from a failed drive,Informational,how-do-i-recover-data-from-a-failed-drive,How do I recover data from a failed drive?,AdSense + affiliate,Related Q&A cluster + checklist,strong demand signals; high monetization potential; rankable long-tail shape; top-tier opportunity; early-category seed
6,2245,93.8,100,100,40,60,32,very-high,very-high,low,true,GPUs,How do I check if my GPU is bottlenecked?,check if my gpu is bottlenecked,Informational,how-do-i-check-if-my-gpu-is-bottlenecked,How do I check if my GPU is bottlenecked?,Affiliate + AdSense,GPU comparison tool,strong demand signals; high monetization potential; rankable long-tail shape; top-tier opportunity; early-category seed
7,2631,93.8,100,100,40,60,32,very-high,very-high,low,true,Storage,How do I check SSD health?,check ssd health,Informational,how-do-i-check-ssd-health,How do I check SSD health?,Affiliate + AdSense,Storage speed / upgrade picker,strong demand signals; high monetization potential; rankable long-tail shape; top-tier opportunity; early-category seed
8,2633,93.8,100,100,40,60,32,very-high,very-high,low,true,Storage,How do I clone an SSD?,clone an ssd,Informational,how-do-i-clone-an-ssd,How do I clone an SSD?,Affiliate + AdSense,Storage speed / upgrade picker,strong demand signals; high monetization potential; rankable long-tail shape; top-tier opportunity; early-category seed
9,2634,93.8,100,100,40,60,32,very-high,very-high,low,true,Storage,How do I migrate Windows to a new SSD?,migrate windows to a new ssd,Informational,how-do-i-migrate-windows-to-a-new-ssd,How do I migrate Windows to a new SSD?,Affiliate + AdSense,Storage speed / upgrade picker,strong demand signals; high monetization potential; rankable long-tail shape; top-tier opportunity; early-category seed
10,2637,93.8,100,100,40,60,32,very-high,very-high,low,true,Storage,How do I securely erase an SSD?,securely erase an ssd,Informational,how-do-i-securely-erase-an-ssd,How do I securely erase an SSD?,Affiliate + AdSense,Storage speed / upgrade picker,strong demand signals; high monetization potential; rankable long-tail shape; top-tier opportunity; early-category seed
11,2902,93.8,100,100,40,60,32,very-high,very-high,low,true,Monitors,How do I fix monitor ghosting?,fix monitor ghosting,Informational,how-do-i-fix-monitor-ghosting,How do I fix monitor ghosting?,Affiliate + AdSense,Monitor + GPU match advisor,strong demand signals; high monetization potential; rankable long-tail shape; top-tier opportunity; early-category seed
12,2904,93.8,100,100,40,60,32,very-high,very-high,low,true,Monitors,How do I calibrate a monitor?,calibrate a monitor,Informational,how-do-i-calibrate-a-monitor,How do I calibrate a monitor?,Affiliate + AdSense,Monitor + GPU match advisor,strong demand signals; high monetization potential; rankable long-tail shape; top-tier opportunity; early-category seed
13,3,91.9,100,84,30,70,32,very-high,very-high,low,true,Smartphones,How do I move contacts to a new phone?,move contacts to a new phone,Informational,how-do-i-move-contacts-to-a-new-phone,How do I move contacts to a new phone?,AdSense + affiliate,Related Q&A cluster + checklist,strong demand signals; high monetization potential; rankable long-tail shape; top-tier opportunity; early-category seed
14,4,91.9,100,84,30,70,32,very-high,very-high,low,true,Smartphones,How do I back up my Android phone?,back up my android phone,Informational,how-do-i-back-up-my-android-phone,How do I back up my Android phone?,AdSense + tool upsell,Related Q&A cluster + checklist,strong demand signals; high monetization potential; rankable long-tail shape; top-tier opportunity; early-category seed
15,6,91.9,100,84,30,70,32,very-high,very-high,low,true,Smartphones,How do I free up storage on my phone?,free up storage on my phone,Informational,how-do-i-free-up-storage-on-my-phone,How do I free up storage on my phone?,AdSense + affiliate,Storage speed / upgrade picker,strong demand signals; high monetization potential; rankable long-tail shape; top-tier opportunity; early-category seed
16,15,91.9,100,84,30,70,32,very-high,very-high,low,true,Smartphones,How do I take a screenshot on Android?,take a screenshot on android,Informational,how-do-i-take-a-screenshot-on-android,How do I take a screenshot on Android?,AdSense + tool upsell,Related Q&A cluster + checklist,strong demand signals; high monetization potential; rankable long-tail shape; top-tier opportunity; early-category seed
17,16,91.9,100,84,30,70,32,very-high,very-high,low,true,Smartphones,How do I take a screenshot on iPhone?,take a screenshot on iphone,Informational,how-do-i-take-a-screenshot-on-iphone,How do I take a screenshot on iPhone?,Affiliate + AdSense,Related Q&A cluster + checklist,strong demand signals; high monetization potential; rankable long-tail shape; top-tier opportunity; early-category seed
18,17,91.9,100,84,30,70,32,very-high,very-high,low,true,Smartphones,How do I record my screen on Android?,record my screen on android,Informational,how-do-i-record-my-screen-on-android,How do I record my screen on Android?,AdSense + tool upsell,Related Q&A cluster + checklist,strong demand signals; high monetization potential; rankable long-tail shape; top-tier opportunity; early-category seed
19,18,91.9,100,84,30,70,32,very-high,very-high,low,true,Smartphones,How do I record my screen on iPhone?,record my screen on iphone,Informational,how-do-i-record-my-screen-on-iphone,How do I record my screen on iPhone?,Affiliate + AdSense,Related Q&A cluster + checklist,strong demand signals; high monetization potential; rankable long-tail shape; top-tier opportunity; early-category seed
20,20,91.9,100,84,30,70,32,very-high,very-high,low,true,Smartphones,How do I share my phone internet connection?,share my phone internet connection,Informational,how-do-i-share-my-phone-internet-connection,How do I share my phone internet connection?,AdSense + affiliate,Related Q&A cluster + checklist,strong demand signals; high monetization potential; rankable long-tail shape; top-tier opportunity; early-category seed
21,1891,91.9,100,98,40,60,32,very-high,very-high,low,true,PC Hardware,How do I check GPU temperature?,check gpu temperature,Informational,how-do-i-check-gpu-temperature,How do I check GPU temperature?,Affiliate + AdSense,GPU comparison tool,strong demand signals; high monetization potential; rankable long-tail shape; top-tier opportunity; early-category seed
22,1893,91.9,100,98,40,60,32,very-high,very-high,low,true,PC Hardware,How do I reduce GPU temperature?,reduce gpu temperature,Informational,how-do-i-reduce-gpu-temperature,How do I reduce GPU temperature?,Affiliate + AdSense,GPU comparison tool,strong demand signals; high monetization potential; rankable long-tail shape; top-tier opportunity; early-category seed
23,4531,89.9,90,78,18,82,32,very-high,high,very-low,true,Cloud,How do I back up my computer to the cloud?,back up my computer to the cloud,Informational,how-do-i-back-up-my-computer-to-the-cloud,How do I back up my computer to the cloud?,AdSense + affiliate,Related Q&A cluster + checklist,strong demand signals; high monetization potential; rankable long-tail shape; early-category seed
24,113,87.5,100,80,30,70,32,very-high,very-high,low,true,Computers,How do I connect two monitors to a laptop?,connect two monitors to a laptop,Informational,how-do-i-connect-two-monitors-to-a-laptop,How do I connect two monitors to a laptop?,Affiliate + AdSense,Monitor + GPU match advisor,strong demand signals; high monetization potential; rankable long-tail shape; top-tier opportunity; early-category seed
25,4246,87.5,100,80,30,70,32,very-high,very-high,low,true,Security,How do I know if my password was leaked?,know if my password was leaked,Informational,how-do-i-know-if-my-password-was-leaked,How do I know if my password was leaked?,AdSense + tool upsell,Security setup checklist,strong demand signals; high monetization potential; rankable long-tail shape; top-tier opportunity; early-category seed
26,4249,87.5,100,80,30,70,32,very-high,very-high,low,true,Security,How do I remove malware from a computer?,remove malware from a computer,Informational,how-do-i-remove-malware-from-a-computer,How do I remove malware from a computer?,AdSense + affiliate,Related Q&A cluster + checklist,strong demand signals; high monetization potential; rankable long-tail shape; early-category seed
27,4251,87.5,100,80,30,70,32,very-high,very-high,low,true,Security,How do I back up files against ransomware?,back up files against ransomware,Informational,how-do-i-back-up-files-against-ransomware,How do I back up files against ransomware?,AdSense + affiliate,Related Q&A cluster + checklist,strong demand signals; high monetization potential; rankable long-tail shape; early-category seed
28,364,87.1,100,68,18,82,32,very-high,high,very-low,true,WiFi,How do I check which WiFi channel I am using?,check which wifi channel i am using,Informational,how-do-i-check-which-wifi-channel-i-am-using,How do I check which WiFi channel I am using?,AdSense + tool upsell,Wi‑Fi speed / channel helper,strong demand signals; rankable long-tail shape; top-tier opportunity; early-category seed
29,98,84.6,100,66,18,82,32,very-high,high,very-low,true,Computers,How do I check how much RAM my computer has?,check how much ram my computer has,Informational,how-do-i-check-how-much-ram-my-computer-has,How do I check how much RAM my computer has?,AdSense + affiliate,RAM needs calculator,strong demand signals; rankable long-tail shape; early-category seed
30,8422,84.5,84,92,30,70,32,very-high,very-high,low,true,EVs,How do I charge an EV at home?,charge an ev at home,Informational,how-do-i-charge-an-ev-at-home,How do I charge an EV at home?,Affiliate + AdSense,EV home charger calculator,strong demand signals; high monetization potential; rankable long-tail shape; early-category seed
31,8423,84.5,84,92,30,70,32,very-high,very-high,low,true,EVs,How do I charge an EV in the Netherlands?,charge an ev in the netherlands,Informational,how-do-i-charge-an-ev-in-the-netherlands,How do I charge an EV in the Netherlands?,Affiliate + AdSense,EV home charger calculator,strong demand signals; high monetization potential; rankable long-tail shape; early-category seed
32,8082,83.1,100,76,30,70,32,very-high,high,low,true,Smart Home,How do I connect smart devices to WiFi?,connect smart devices to wifi,Informational,how-do-i-connect-smart-devices-to-wifi,How do I connect smart devices to WiFi?,AdSense + tool upsell,Wi‑Fi speed / channel helper,strong demand signals; high monetization potential; rankable long-tail shape; early-category seed
33,3335,80.9,100,74,30,70,32,very-high,high,low,true,TV,How do I mirror an iPhone to a TV?,mirror an iphone to a tv,Informational,how-do-i-mirror-an-iphone-to-a-tv,How do I mirror an iPhone to a TV?,Affiliate + AdSense,Related Q&A cluster + checklist,strong demand signals; high monetization potential; rankable long-tail shape; early-category seed
34,3336,80.9,100,74,30,70,32,very-high,high,low,true,TV,How do I mirror Android to a TV?,mirror android to a tv,Informational,how-do-i-mirror-android-to-a-tv,How do I mirror Android to a TV?,AdSense + tool upsell,Related Q&A cluster + checklist,strong demand signals; high monetization potential; rankable long-tail shape; early-category seed
35,3331,79.3,98,74,30,70,32,very-high,high,low,true,TV,How do I connect Bluetooth headphones to a TV?,connect bluetooth headphones to a tv,Informational,how-do-i-connect-bluetooth-headphones-to-a-tv,How do I connect Bluetooth headphones to a TV?,AdSense + affiliate,Related Q&A cluster + checklist,strong demand signals; high monetization potential; rankable long-tail shape; early-category seed
36,2632,79,98,86,40,60,32,very-high,very-high,low,true,Storage,How do I check hard drive health?,check hard drive health,Informational,how-do-i-check-hard-drive-health,How do I check hard drive health?,AdSense + affiliate,Related Q&A cluster + checklist,strong demand signals; high monetization potential; rankable long-tail shape; early-category seed
37,1,78.8,100,84,40,60,32,very-high,very-high,low,true,Smartphones,How do I transfer photos from Android to iPhone?,transfer photos from android to iphone,Informational,how-do-i-transfer-photos-from-android-to-iphone,How do I transfer photos from Android to iPhone?,Affiliate + AdSense,Backup checklist wizard,strong demand signals; high monetization potential; rankable long-tail shape; early-category seed
38,2,78.8,100,84,40,60,32,very-high,very-high,low,true,Smartphones,How do I transfer WhatsApp from Android to iPhone?,transfer whatsapp from android to iphone,Informational,how-do-i-transfer-whatsapp-from-android-to-iphone,How do I transfer WhatsApp from Android to iPhone?,Affiliate + AdSense,Backup checklist wizard,strong demand signals; high monetization potential; rankable long-tail shape; early-category seed
39,5,78.8,100,84,40,60,32,very-high,very-high,low,true,Smartphones,How do I back up my iPhone?,back up my iphone,Informational,how-do-i-back-up-my-iphone,How do I back up my iPhone?,Affiliate + AdSense,Related Q&A cluster + checklist,strong demand signals; high monetization potential; rankable long-tail shape; early-category seed
40,11,78.8,100,84,40,60,32,very-high,very-high,low,true,Smartphones,How do I find my lost phone?,find my lost phone,Informational,how-do-i-find-my-lost-phone,How do I find my lost phone?,AdSense + affiliate,Related Q&A cluster + checklist,strong demand signals; high monetization potential; rankable long-tail shape; early-category seed
41,12,78.8,100,84,40,60,32,very-high,very-high,low,true,Smartphones,How do I reset my phone safely?,reset my phone safely,Informational,how-do-i-reset-my-phone-safely,How do I reset my phone safely?,AdSense + affiliate,Related Q&A cluster + checklist,strong demand signals; high monetization potential; rankable long-tail shape; early-category seed
42,13,78.8,100,84,40,60,32,very-high,very-high,low,true,Smartphones,How do I remove a Google account from Android?,remove a google account from android,Informational,how-do-i-remove-a-google-account-from-android,How do I remove a Google account from Android?,AdSense + tool upsell,Related Q&A cluster + checklist,strong demand signals; high monetization potential; rankable long-tail shape; early-category seed
43,96,78.8,100,72,30,70,32,very-high,high,low,true,Computers,How do I speed up a slow computer?,speed up a slow computer,Informational,how-do-i-speed-up-a-slow-computer,How do I speed up a slow computer?,AdSense + tool upsell,Wi‑Fi speed / channel helper,strong demand signals; high monetization potential; rankable long-tail shape; early-category seed
44,2246,78.1,100,100,50,50,32,very-high,very-high,medium,true,GPUs,How do I stress test a GPU?,stress test a gpu,Informational,how-do-i-stress-test-a-gpu,How do I stress test a GPU?,Affiliate + AdSense,GPU comparison tool,strong demand signals; high monetization potential; early-category seed
45,2250,78.1,100,100,50,50,32,very-high,very-high,medium,true,GPUs,How do I update GPU drivers?,update gpu drivers,Informational,how-do-i-update-gpu-drivers,How do I update GPU drivers?,Affiliate + AdSense,GPU comparison tool,strong demand signals; high monetization potential; early-category seed
46,4530,76.8,90,78,30,70,32,very-high,high,low,true,Cloud,How do I move files between cloud services?,move files between cloud services,Informational,how-do-i-move-files-between-cloud-services,How do I move files between cloud services?,AdSense + affiliate,Related Q&A cluster + checklist,strong demand signals; high monetization potential; rankable long-tail shape; early-category seed
47,2635,75,100,100,40,60,40,very-high,very-high,low,true,Storage,How much SSD storage do I need?,how much ssd storage do i need,Informational,how-much-ssd-storage-do-i-need,How much SSD storage do I need?,Affiliate + AdSense,Storage speed / upgrade picker,strong demand signals; high monetization potential; rankable long-tail shape; early-category seed
48,2639,75,100,100,40,60,40,very-high,very-high,low,true,Storage,What causes SSD performance to drop?,what causes ssd performance to drop,Informational,what-causes-ssd-performance-to-drop,What causes SSD performance to drop?,Affiliate + AdSense,Storage speed / upgrade picker,strong demand signals; high monetization potential; rankable long-tail shape; early-category seed
49,4237,75,100,80,40,60,32,very-high,very-high,low,true,Security,How do I recognize a phishing email?,recognize a phishing email,Informational,how-do-i-recognize-a-phishing-email,How do I recognize a phishing email?,AdSense + affiliate,Related Q&A cluster + checklist,strong demand signals; high monetization potential; rankable long-tail shape; early-category seed
50,4244,75,100,80,40,60,32,very-high,very-high,low,true,Security,How do I secure my home WiFi?,secure my home wifi,Informational,how-do-i-secure-my-home-wifi,How do I secure my home WiFi?,AdSense + tool upsell,Wi‑Fi speed / channel helper,strong demand signals; high monetization potential; rankable long-tail shape; early-category seed
51,4245,75,100,80,40,60,32,very-high,very-high,low,true,Security,How do I create a strong password?,create a strong password,Informational,how-do-i-create-a-strong-password,How do I create a strong password?,AdSense + tool upsell,Security setup checklist,strong demand signals; high monetization potential; rankable long-tail shape; early-category seed
52,4247,75,100,80,40,60,32,very-high,very-high,low,true,Security,How do I secure my Google account?,secure my google account,Informational,how-do-i-secure-my-google-account,How do I secure my Google account?,AdSense + affiliate,Related Q&A cluster + checklist,strong demand signals; high monetization potential; rankable long-tail shape; early-category seed
53,4248,75,100,80,40,60,32,very-high,very-high,low,true,Security,How do I secure my Apple account?,secure my apple account,Informational,how-do-i-secure-my-apple-account,How do I secure my Apple account?,AdSense + affiliate,Related Q&A cluster + checklist,strong demand signals; high monetization potential; rankable long-tail shape; early-category seed
54,375,74.4,100,68,30,70,32,very-high,high,low,true,WiFi,How do I set up a mesh WiFi system?,set up a mesh wifi system,Informational,how-do-i-set-up-a-mesh-wifi-system,How do I set up a mesh WiFi system?,AdSense + tool upsell,Wi‑Fi speed / channel helper,strong demand signals; rankable long-tail shape; early-category seed
55,2251,74.2,100,95,50,50,32,very-high,very-high,medium,true,GPUs,How do I clean a graphics card?,clean a graphics card,Informational,how-do-i-clean-a-graphics-card,How do I clean a graphics card?,AdSense + affiliate,GPU comparison tool,strong demand signals; high monetization potential; early-category seed
56,103,72.2,100,66,30,70,32,very-high,high,low,true,Computers,How do I uninstall apps on a Mac?,uninstall apps on a mac,Informational,how-do-i-uninstall-apps-on-a-mac,How do I uninstall apps on a Mac?,AdSense + affiliate,Related Q&A cluster + checklist,strong demand signals; rankable long-tail shape; early-category seed
57,104,72.2,100,66,30,70,32,very-high,high,low,true,Computers,How do I free up disk space on Windows?,free up disk space on windows,Informational,how-do-i-free-up-disk-space-on-windows,How do I free up disk space on Windows?,AdSense + tool upsell,Storage speed / upgrade picker,strong demand signals; rankable long-tail shape; early-category seed
58,105,72.2,100,66,30,70,32,very-high,high,low,true,Computers,How do I free up storage on a Mac?,free up storage on a mac,Informational,how-do-i-free-up-storage-on-a-mac,How do I free up storage on a Mac?,AdSense + affiliate,Storage speed / upgrade picker,strong demand signals; rankable long-tail shape; early-category seed
59,106,72.2,100,66,30,70,32,very-high,high,low,true,Computers,How do I take a screenshot on Windows?,take a screenshot on windows,Informational,how-do-i-take-a-screenshot-on-windows,How do I take a screenshot on Windows?,AdSense + tool upsell,Related Q&A cluster + checklist,strong demand signals; rankable long-tail shape; early-category seed
60,107,72.2,100,66,30,70,32,very-high,high,low,true,Computers,How do I take a screenshot on a Mac?,take a screenshot on a mac,Informational,how-do-i-take-a-screenshot-on-a-mac,How do I take a screenshot on a Mac?,AdSense + affiliate,Related Q&A cluster + checklist,strong demand signals; rankable long-tail shape; early-category seed
61,110,72.2,100,66,30,70,32,very-high,high,low,true,Computers,How do I rename multiple files at once?,rename multiple files at once,Informational,how-do-i-rename-multiple-files-at-once,How do I rename multiple files at once?,AdSense + affiliate,Related Q&A cluster + checklist,strong demand signals; rankable long-tail shape; early-category seed
62,112,72.2,100,66,30,70,32,very-high,high,low,true,Computers,How do I find large files on my computer?,find large files on my computer,Informational,how-do-i-find-large-files-on-my-computer,How do I find large files on my computer?,AdSense + affiliate,Related Q&A cluster + checklist,strong demand signals; rankable long-tail shape; early-category seed
63,114,72.2,100,66,30,70,32,very-high,high,low,true,Computers,How do I make my laptop run cooler?,make my laptop run cooler,Informational,how-do-i-make-my-laptop-run-cooler,How do I make my laptop run cooler?,AdSense + affiliate,Related Q&A cluster + checklist,strong demand signals; rankable long-tail shape; early-category seed
64,273,72.2,100,66,30,70,32,very-high,high,low,true,macOS,How do I connect two monitors to a Mac?,connect two monitors to a mac,Informational,how-do-i-connect-two-monitors-to-a-mac,How do I connect two monitors to a Mac?,Affiliate,Monitor + GPU match advisor,strong demand signals; rankable long-tail shape; early-category seed
65,8083,71.5,86,76,30,70,32,very-high,high,low,true,Smart Home,How do I reset a smart home device?,reset a smart home device,Informational,how-do-i-reset-a-smart-home-device,How do I reset a smart home device?,AdSense + affiliate,EV home charger calculator,strong demand signals; high monetization potential; rankable long-tail shape; early-category seed
66,8088,71.5,86,76,30,70,32,very-high,high,low,true,Smart Home,How do I control smart lights from my phone?,control smart lights from my phone,Informational,how-do-i-control-smart-lights-from-my-phone,How do I control smart lights from my phone?,AdSense + affiliate,Related Q&A cluster + checklist,strong demand signals; high monetization potential; rankable long-tail shape; early-category seed
67,3330,71.2,88,74,30,70,32,very-high,high,low,true,TV,How do I connect a soundbar to a TV?,connect a soundbar to a tv,Informational,how-do-i-connect-a-soundbar-to-a-tv,How do I connect a soundbar to a TV?,AdSense + affiliate,Related Q&A cluster + checklist,strong demand signals; high monetization potential; rankable long-tail shape; early-category seed
68,3334,71.2,88,74,30,70,32,very-high,high,low,true,TV,How do I cast my phone to a TV?,cast my phone to a tv,Informational,how-do-i-cast-my-phone-to-a-tv,How do I cast my phone to a TV?,AdSense + affiliate,Related Q&A cluster + checklist,strong demand signals; high monetization potential; rankable long-tail shape; early-category seed
69,3994,70.4,92,70,30,70,32,very-high,high,low,true,Printers,How do I add a printer on Mac?,add a printer on mac,Informational,how-do-i-add-a-printer-on-mac,How do I add a printer on Mac?,AdSense + affiliate,Related Q&A cluster + checklist,strong demand signals; high monetization potential; rankable long-tail shape; early-category seed
70,4009,70.4,92,70,30,70,32,very-high,high,low,true,Printers,How do I share a printer on a network?,share a printer on a network,Informational,how-do-i-share-a-printer-on-a-network,How do I share a printer on a network?,AdSense + affiliate,Related Q&A cluster + checklist,strong demand signals; high monetization potential; rankable long-tail shape; early-category seed
71,2630,69,100,92,40,60,40,very-high,very-high,low,true,Storage,Why is my hard drive slow?,my hard drive slow,Informational,why-is-my-hard-drive-slow,Why is my hard drive slow?,AdSense + tool upsell,Related Q&A cluster + checklist,strong demand signals; high monetization potential; rankable long-tail shape; early-category seed
72,1447,67.9,97,64,30,70,32,very-high,medium,low,true,USB,How do I know what my USB-C port supports?,know what my usb-c port supports,Informational,how-do-i-know-what-my-usb-c-port-supports,How do I know what my USB-C port supports?,AdSense + affiliate,USB‑C / charger compatibility checker,strong demand signals; rankable long-tail shape; early-category seed
73,1890,67.6,88,82,40,60,32,very-high,very-high,low,true,PC Hardware,How do I check CPU temperature?,check cpu temperature,Informational,how-do-i-check-cpu-temperature,How do I check CPU temperature?,AdSense + affiliate,Related Q&A cluster + checklist,strong demand signals; high monetization potential; rankable long-tail shape; early-category seed
74,1892,67.6,88,82,40,60,32,very-high,very-high,low,true,PC Hardware,How do I reduce CPU temperature?,reduce cpu temperature,Informational,how-do-i-reduce-cpu-temperature,How do I reduce CPU temperature?,AdSense + affiliate,Related Q&A cluster + checklist,strong demand signals; high monetization potential; rankable long-tail shape; early-category seed
75,7,67.5,100,90,40,60,40,very-high,very-high,low,true,Smartphones,Why is my phone battery draining so fast?,my phone battery draining so fast,Informational,why-is-my-phone-battery-draining-so-fast,Why is my phone battery draining so fast?,AdSense + affiliate,Related Q&A cluster + checklist,strong demand signals; high monetization potential; rankable long-tail shape; early-category seed
76,8,67.5,100,90,40,60,40,very-high,very-high,low,true,Smartphones,Why is my phone charging slowly?,my phone charging slowly,Informational,why-is-my-phone-charging-slowly,Why is my phone charging slowly?,AdSense + tool upsell,USB‑C / charger compatibility checker,strong demand signals; high monetization potential; rankable long-tail shape; early-category seed
77,4529,65.8,90,78,40,60,32,very-high,high,low,true,Cloud,How do I free up cloud storage?,free up cloud storage,Informational,how-do-i-free-up-cloud-storage,How do I free up cloud storage?,AdSense + affiliate,Storage speed / upgrade picker,strong demand signals; high monetization potential; rankable long-tail shape; early-category seed
78,3992,65.6,100,70,40,60,32,very-high,high,low,true,Printers,How do I connect a printer to WiFi?,connect a printer to wifi,Informational,how-do-i-connect-a-printer-to-wifi,How do I connect a printer to WiFi?,AdSense + tool upsell,Wi‑Fi speed / channel helper,strong demand signals; high monetization potential; rankable long-tail shape; early-category seed
79,3993,65.6,100,70,40,60,32,very-high,high,low,true,Printers,How do I add a printer in Windows?,add a printer in windows,Informational,how-do-i-add-a-printer-in-windows,How do I add a printer in Windows?,AdSense + tool upsell,Related Q&A cluster + checklist,strong demand signals; high monetization potential; rankable long-tail shape; early-category seed
80,3995,65.6,100,70,40,60,32,very-high,high,low,true,Printers,How do I print from an iPhone?,print from an iphone,Informational,how-do-i-print-from-an-iphone,How do I print from an iPhone?,Affiliate + AdSense,Related Q&A cluster + checklist,strong demand signals; high monetization potential; rankable long-tail shape; early-category seed
81,8426,64.7,88,98,40,60,40,very-high,very-high,low,true,EVs,Why does EV charging slow down?,ev charging slow down,Informational,why-does-ev-charging-slow-down,Why does EV charging slow down?,Affiliate + AdSense,USB‑C / charger compatibility checker,strong demand signals; high monetization potential; rankable long-tail shape; early-category seed
82,3996,64.3,98,70,40,60,32,very-high,high,low,true,Printers,How do I print from Android?,print from android,Informational,how-do-i-print-from-android,How do I print from Android?,AdSense + tool upsell,Related Q&A cluster + checklist,strong demand signals; high monetization potential; rankable long-tail shape; early-category seed
83,361,63.8,100,68,40,60,32,very-high,high,low,true,WiFi,How do I improve WiFi signal strength?,improve wifi signal strength,Informational,how-do-i-improve-wifi-signal-strength,How do I improve WiFi signal strength?,AdSense + tool upsell,Wi‑Fi speed / channel helper,strong demand signals; rankable long-tail shape; early-category seed
84,363,63.8,100,68,40,60,32,very-high,high,low,true,WiFi,How do I check WiFi speed?,check wifi speed,Informational,how-do-i-check-wifi-speed,How do I check WiFi speed?,AdSense + tool upsell,Wi‑Fi speed / channel helper,strong demand signals; rankable long-tail shape; early-category seed
85,365,63.8,100,68,40,60,32,very-high,high,low,true,WiFi,How do I change WiFi channels?,change wifi channels,Informational,how-do-i-change-wifi-channels,How do I change WiFi channels?,AdSense + tool upsell,Wi‑Fi speed / channel helper,strong demand signals; rankable long-tail shape; early-category seed
86,4007,63.4,89,76,40,60,32,very-high,high,low,true,Printers,How do I fix paper jams?,fix paper jams,Informational,how-do-i-fix-paper-jams,How do I fix paper jams?,AdSense + tool upsell,Related Q&A cluster + checklist,strong demand signals; high monetization potential; rankable long-tail shape; early-category seed
87,3674,63,80,72,30,70,32,very-high,high,low,true,Audio,How do I connect headphones to a TV?,connect headphones to a tv,Informational,how-do-i-connect-headphones-to-a-tv,How do I connect headphones to a TV?,AdSense + affiliate,Related Q&A cluster + checklist,high monetization potential; rankable long-tail shape; early-category seed
88,3675,63,80,72,30,70,32,very-high,high,low,true,Audio,How do I connect headphones to a PC?,connect headphones to a pc,Informational,how-do-i-connect-headphones-to-a-pc,How do I connect headphones to a PC?,AdSense + affiliate,Related Q&A cluster + checklist,high monetization potential; rankable long-tail shape; early-category seed
89,4001,62.8,82,70,30,70,32,very-high,high,low,true,Printers,How do I scan a document to PDF?,scan a document to pdf,Informational,how-do-i-scan-a-document-to-pdf,How do I scan a document to PDF?,AdSense + affiliate,Related Q&A cluster + checklist,strong demand signals; high monetization potential; rankable long-tail shape; early-category seed
90,358,62.5,100,80,50,50,32,very-high,very-high,medium,true,WiFi,How do I restart my WiFi router?,restart my wifi router,Informational,how-do-i-restart-my-wifi-router,How do I restart my WiFi router?,Affiliate + AdSense,Wi‑Fi speed / channel helper,strong demand signals; high monetization potential; early-category seed
91,2241,62.5,100,100,50,50,40,very-high,very-high,medium,true,GPUs,Does FSR work on Nvidia GPUs?,fsr work on nvidia gpus,Informational,does-fsr-work-on-nvidia-gpus,Does FSR work on Nvidia GPUs?,Affiliate + AdSense,GPU comparison tool,strong demand signals; high monetization potential; early-category seed
92,2247,62.5,100,100,50,50,40,very-high,very-high,medium,true,GPUs,Why does my GPU crash under load?,my gpu crash under load,Informational,why-does-my-gpu-crash-under-load,Why does my GPU crash under load?,Affiliate + AdSense,GPU comparison tool,strong demand signals; high monetization potential; early-category seed
93,2248,62.5,100,100,50,50,40,very-high,very-high,medium,true,GPUs,Why is my GPU usage low in games?,my gpu usage low in games,Informational,why-is-my-gpu-usage-low-in-games,Why is my GPU usage low in games?,Affiliate + AdSense,GPU comparison tool,strong demand signals; high monetization potential; early-category seed
94,2249,62.5,100,100,50,50,40,very-high,very-high,medium,true,GPUs,Why is my GPU usage at 100 percent?,my gpu usage at 100 percent,Informational,why-is-my-gpu-usage-at-100-percent,Why is my GPU usage at 100 percent?,Affiliate + AdSense,GPU comparison tool,strong demand signals; high monetization potential; early-category seed
95,99,61.9,100,66,40,60,32,very-high,high,low,true,Computers,How do I check my CPU model?,check my cpu model,Informational,how-do-i-check-my-cpu-model,How do I check my CPU model?,AdSense + affiliate,Related Q&A cluster + checklist,strong demand signals; rankable long-tail shape; early-category seed
96,100,61.9,100,66,40,60,32,very-high,high,low,true,Computers,How do I check my graphics card?,check my graphics card,Informational,how-do-i-check-my-graphics-card,How do I check my graphics card?,AdSense + affiliate,GPU comparison tool,strong demand signals; rankable long-tail shape; early-category seed
97,101,61.9,100,66,40,60,32,very-high,high,low,true,Computers,How do I find my Windows version?,find my windows version,Informational,how-do-i-find-my-windows-version,How do I find my Windows version?,AdSense + tool upsell,Related Q&A cluster + checklist,strong demand signals; rankable long-tail shape; early-category seed
98,102,61.9,100,66,40,60,32,very-high,high,low,true,Computers,How do I uninstall programs on Windows?,uninstall programs on windows,Informational,how-do-i-uninstall-programs-on-windows,How do I uninstall programs on Windows?,AdSense + tool upsell,RAM needs calculator,strong demand signals; rankable long-tail shape; early-category seed
99,108,61.9,100,66,40,60,32,very-high,high,low,true,Computers,How do I zip a folder?,zip a folder,Informational,how-do-i-zip-a-folder,How do I zip a folder?,AdSense + affiliate,Related Q&A cluster + checklist,strong demand signals; rankable long-tail shape; early-category seed
100,109,61.9,100,66,40,60,32,very-high,high,low,true,Computers,How do I unzip a file?,unzip a file,Informational,how-do-i-unzip-a-file,How do I unzip a file?,AdSense + affiliate,Related Q&A cluster + checklist,strong demand signals; rankable long-tail shape; early-category seed